"","callRate"
"Prior",0.56989247311828
"RIL.073",0.591397849462366
"RIL.081",0.559139784946237
"RIL.089",0.548387096774194
"RIL.007",0.752688172043011
"RIL.015",0.78494623655914
"RIL.025",0.591397849462366
"RIL.033",0.720430107526882
"RIL.041",0.526881720430108
"RIL.049",0.548387096774194
"RIL.057",0.580645161290323
"RIL.065",0.559139784946237
"Skiff",0.763440860215054
"RIL.074",0.720430107526882
"RIL.082",0.56989247311828
"RIL.090",0.763440860215054
"RIL.008",0.741935483870968
"RIL.016",0.602150537634409
"RIL.026",0.720430107526882
"RIL.034",0.537634408602151
"RIL.042",0.741935483870968
"RIL.050",0.548387096774194
"RIL.058",0.548387096774194
"RIL.066",0.559139784946237
"RIL.001",0.774193548387097
"RIL.075",0.741935483870968
"RIL.083",0.806451612903226
"RIL.091",0.666666666666667
"RIL.009",0.580645161290323
"RIL.017",0.78494623655914
"RIL.027",0.731182795698925
"RIL.035",0.720430107526882
"RIL.043",0.559139784946237
"RIL.051",0.709677419354839
"RIL.059",0.602150537634409
"RIL.067",0.741935483870968
"RIL.002",0.559139784946237
"RIL.076",0.56989247311828
"RIL.084",0.591397849462366
"RIL.092",0.591397849462366
"RIL.010",0.763440860215054
"RIL.018",0.602150537634409
"RIL.028",0.548387096774194
"RIL.036",0.602150537634409
"RIL.044",0.56989247311828
"RIL.052",0.731182795698925
"RIL.060",0.56989247311828
"RIL.068",0.741935483870968
"RIL.003",0.591397849462366
"RIL.077",0.752688172043011
"RIL.085",0.741935483870968
"RIL.093",0.56989247311828
"RIL.011",0.731182795698925
"RIL.019",0.741935483870968
"RIL.029",0.526881720430108
"RIL.037",0.741935483870968
"RIL.045",0.731182795698925
"RIL.053",0.741935483870968
"RIL.061",0.559139784946237
"RIL.069",0.56989247311828
"RIL.004",0.763440860215054
"RIL.078",0.720430107526882
"RIL.086",0.752688172043011
"RIL.094",0.741935483870968
"RIL.012",0.741935483870968
"RIL.020",0.741935483870968
"RIL.030",0.827956989247312
"RIL.038",0.720430107526882
"RIL.046",0.720430107526882
"RIL.054",0.752688172043011
"RIL.062",0.774193548387097
"RIL.070",0.580645161290323
"RIL.005",0.591397849462366
"RIL.079",0.56989247311828
"RIL.087",0.516129032258065
"RIL.013",0.763440860215054
"RIL.022",0.741935483870968
"RIL.031",0.591397849462366
"RIL.039",0.709677419354839
"RIL.047",0.741935483870968
"RIL.055",0.741935483870968
"RIL.063",0.741935483870968
"RIL.071",0.56989247311828
"RIL.006",0.591397849462366
"RIL.080",0.731182795698925
"RIL.088",0.56989247311828
"RIL.014",0.741935483870968
"RIL.023",0.763440860215054
"RIL.032",0.559139784946237
"RIL.040",0.709677419354839
"RIL.048",0.559139784946237
"RIL.056",0.763440860215054
"RIL.064",0.731182795698925
"RIL.072",0.698924731182796
"RIL.095",0.591397849462366
"RIL.169",0.774193548387097
"RIL.177",0.537634408602151
"RIL.185",0.537634408602151
"RIL.103",0.752688172043011
"RIL.111",0.763440860215054
"RIL.120",0.698924731182796
"RIL.129",0.688172043010753
"RIL.137",0.548387096774194
"RIL.145",0.548387096774194
"RIL.153",0.526881720430108
"RIL.161",0.559139784946237
"RIL.096",0.774193548387097
"RIL.170",0.56989247311828
"RIL.178",0.580645161290323
"RIL.186",0.548387096774194
"RIL.104",0.860215053763441
"RIL.112",0.591397849462366
"RIL.121",0.591397849462366
"RIL.130",0.548387096774194
"RIL.138",0.655913978494624
"RIL.146",0.709677419354839
"RIL.154",0.698924731182796
"RIL.162",0.709677419354839
"RIL.097",0.774193548387097
"RIL.171",0.537634408602151
"RIL.179",0.505376344086022
"RIL.187",0.709677419354839
"RIL.105",0.763440860215054
"RIL.114",0.720430107526882
"RIL.122",0.731182795698925
"RIL.131",0.688172043010753
"RIL.139",0.559139784946237
"RIL.147",0.526881720430108
"RIL.155",0.548387096774194
"RIL.163",0.580645161290323
"RIL.098",0.623655913978495
"RIL.172",0.505376344086022
"RIL.180",0.720430107526882
"RIL.189",0.731182795698925
"RIL.106",0.763440860215054
"RIL.115",0.591397849462366
"RIL.123",0.559139784946237
"RIL.132",0.731182795698925
"RIL.140",0.709677419354839
"RIL.148",0.731182795698925
"RIL.156",0.731182795698925
"RIL.164",0.731182795698925
"RIL.099",0.591397849462366
"RIL.173",0.580645161290323
"RIL.181",0.709677419354839
"RIL.190",0.559139784946237
"RIL.107",0.78494623655914
"RIL.116",0.731182795698925
"RIL.124",0.548387096774194
"RIL.133",0.548387096774194
"RIL.141",0.720430107526882
"RIL.149",0.634408602150538
"RIL.157",0.720430107526882
"RIL.165",0.741935483870968
"RIL.100",0.795698924731183
"RIL.174",0.698924731182796
"RIL.182",0.752688172043011
"RIL.191",0.559139784946237
"RIL.108",0.623655913978495
"RIL.117",0.763440860215054
"RIL.126",0.741935483870968
"RIL.134",0.698924731182796
"RIL.142",0.763440860215054
"RIL.150",0.741935483870968
"RIL.158",0.602150537634409
"RIL.166",0.526881720430108
"RIL.101",0.763440860215054
"RIL.175",0.623655913978495
"RIL.183",0.731182795698925
"RIL.109",0.612903225806452
"RIL.118",0.774193548387097
"RIL.127",0.720430107526882
"RIL.135",0.559139784946237
"RIL.143",0.720430107526882
"RIL.151",0.741935483870968
"RIL.159",0.731182795698925
"RIL.167",0.698924731182796
"RIL.102",0.795698924731183
"RIL.176",0.720430107526882
"RIL.184",0.591397849462366
"RIL.110",0.56989247311828
"RIL.119",0.634408602150538
"RIL.128",0.741935483870968
"RIL.136",0.720430107526882
"RIL.144",0.634408602150538
"RIL.152",0.526881720430108
"RIL.160",0.548387096774194
"RIL.168",0.731182795698925
"RIL.193",0.78494623655914
"RIL.266",0.720430107526882
"RIL.274",0.526881720430108
"RIL.282",0.752688172043011
"RIL.202",0.838709677419355
"RIL.210",0.655913978494624
"RIL.218",0.731182795698925
"RIL.226",0.731182795698925
"RIL.234",0.56989247311828
"RIL.242",0.731182795698925
"RIL.250",0.580645161290323
"RIL.258",0.559139784946237
"RIL.194",0.602150537634409
"RIL.267",0.666666666666667
"RIL.275",0.559139784946237
"RIL.283",0.741935483870968
"RIL.203",0.602150537634409
"RIL.211",0.78494623655914
"RIL.219",0.752688172043011
"RIL.227",0.763440860215054
"RIL.235",0.559139784946237
"RIL.243",0.752688172043011
"RIL.251",0.526881720430108
"RIL.259",0.752688172043011
"RIL.196",0.731182795698925
"RIL.268",0.580645161290323
"RIL.276",0.78494623655914
"RIL.284",0.709677419354839
"RIL.204",0.580645161290323
"RIL.212",0.655913978494624
"RIL.220",0.56989247311828
"RIL.228",0.645161290322581
"RIL.236",0.720430107526882
"RIL.244",0.774193548387097
"RIL.252",0.763440860215054
"RIL.260",0.56989247311828
"RIL.197",0.612903225806452
"RIL.269",0.580645161290323
"RIL.277",0.548387096774194
"RIL.285",0.78494623655914
"RIL.205",0.78494623655914
"RIL.213",0.698924731182796
"RIL.221",0.548387096774194
"RIL.229",0.741935483870968
"RIL.237",0.688172043010753
"RIL.245",0.645161290322581
"RIL.253",0.56989247311828
"RIL.261",0.709677419354839
"RIL.198",0.752688172043011
"RIL.270",0.731182795698925
"RIL.278",0.774193548387097
"RIL.286",0.548387096774194
"RIL.206",0.591397849462366
"RIL.214",0.763440860215054
"RIL.222",0.516129032258065
"RIL.230",0.56989247311828
"RIL.238",0.591397849462366
"RIL.246",0.731182795698925
"RIL.254",0.559139784946237
"RIL.262",0.559139784946237
"RIL.199",0.688172043010753
"RIL.271",0.774193548387097
"RIL.279",0.56989247311828
"RIL.287",0.548387096774194
"RIL.207",0.56989247311828
"RIL.215",0.591397849462366
"RIL.223",0.741935483870968
"RIL.231",0.741935483870968
"RIL.239",0.698924731182796
"RIL.247",0.741935483870968
"RIL.255",0.623655913978495
"RIL.263",0.56989247311828
"RIL.200",0.698924731182796
"RIL.272",0.56989247311828
"RIL.280",0.741935483870968
"RIL.208",0.763440860215054
"RIL.216",0.698924731182796
"RIL.224",0.580645161290323
"RIL.232",0.720430107526882
"RIL.240",0.741935483870968
"RIL.248",0.720430107526882
"RIL.256",0.698924731182796
"RIL.264",0.548387096774194
"RIL.201",0.752688172043011
"RIL.273",0.752688172043011
"RIL.281",0.559139784946237
"RIL.209",0.774193548387097
"RIL.217",0.612903225806452
"RIL.225",0.709677419354839
"RIL.233",0.688172043010753
"RIL.241",0.752688172043011
"RIL.249",0.612903225806452
"RIL.257",0.559139784946237
"RIL.265",0.559139784946237
"NAM0001",0.720430107526882
"NAM0073",0.698924731182796
"NAM0081",0.634408602150538
"NAM0089",0.591397849462366
"NAM0009",0.827956989247312
"NAM0017",0.623655913978495
"Kristina411790",0.881720430107527
"NAM0033",0.838709677419355
"Lion495044",0.526881720430108
"Malebo499005",0.559139784946237
"NAM0057",0.623655913978495
"NAM0065",0.838709677419355
"NAM0636",0.946236559139785
"NAM0074",0.591397849462366
"NAM0082",0.591397849462366
"NAM0090",0.634408602150538
"NAM0010",0.623655913978495
"NAM0018",0.806451612903226
"NAM0026",0.795698924731183
"NAM0034",0.56989247311828
"NAM0042",0.817204301075269
"NAM0050",0.655913978494624
"NAM0058",0.849462365591398
"NAM0066",0.817204301075269
"NAM0095",0.666666666666667
"NAM0075",0.827956989247312
"NAM0083",0.860215053763441
"NAM0091",0.645161290322581
"Isaria403591",0.806451612903226
"NAM0019",0.827956989247312
"Lion412217",0.580645161290323
"NAM0035",0.688172043010753
"NAM0639",0.89247311827957
"NAM0051",0.623655913978495
"NAM0059",0.860215053763441
"NAM0067",0.655913978494624
"NAM0096",0.688172043010753
"NAM0076",0.612903225806452
"NAM0084",0.591397849462366
"NAM0092",0.623655913978495
"NAM0012",0.763440860215054
"Kenia403551",0.817204301075269
"NAM0028",0.881720430107527
"NAM0036",0.838709677419355
"NAM0044",0.870967741935484
"NAM0052",0.838709677419355
"NAM0060",0.849462365591398
"NAM0068",0.849462365591398
"NAM0005",0.634408602150538
"NAM0077",0.645161290322581
"NAM0085",0.935483870967742
"NAM0093",0.645161290322581
"NAM0638",0.967741935483871
"Kenia411258",0.612903225806452
"NAM0029",0.688172043010753
"NAM0037",0.591397849462366
"NAM0045",0.89247311827957
"NAM0053",0.752688172043011
"NAM0061",0.827956989247312
"NAM0069",0.838709677419355
"NAM0006",0.860215053763441
"NAM0078",0.634408602150538
"Plumage411308",0.440860215053763
"NAM0094",0.67741935483871
"Isaria406079",0.763440860215054
"NAM0022",0.591397849462366
"NAM0030",0.870967741935484
"NAM0038",0.860215053763441
"Malebo400181",0.559139784946237
"NAM0054",0.881720430107527
"NAM0062",0.870967741935484
"NAM0070",0.741935483870968
"NAM0637",0.913978494623656
"NAM0079",0.849462365591398
"NAM0087",0.645161290322581
"NAM0015",0.78494623655914
"NAM0023",0.838709677419355
"NAM0031",0.645161290322581
"NAM0039",0.505376344086022
"NAM0047",0.849462365591398
"NAM0055",0.623655913978495
"NAM0063",0.849462365591398
"NAM0071",0.881720430107527
"NAM0008",0.806451612903226
"NAM0080",0.623655913978495
"NAM0088",0.924731182795699
"NAM0016",0.903225806451613
"NAM0024",0.838709677419355
"NAM0032",0.903225806451613
"NAM0040",0.881720430107527
"NAM0048",0.612903225806452
"NAM0056",0.870967741935484
"NAM0064",0.731182795698925
"NAM0640",0.903225806451613
"NAM0097",0.645161290322581
"NAM0169",0.849462365591398
"NAM0177",0.870967741935484
"NAM0185",0.817204301075269
"NAM0105",0.860215053763441
"NAM0113",0.827956989247312
"NAM0121",0.666666666666667
"NAM0129",0.870967741935484
"NAM0137",0.698924731182796
"NAM0145",0.67741935483871
"NAM0153",0.89247311827957
"NAM0161",0.913978494623656
"NAM0098",0.903225806451613
"NAM0170",0.741935483870968
"NAM0178",0.731182795698925
"NAM0186",0.881720430107527
"NAM0191",0.827956989247312
"NAM0114",0.89247311827957
"NAM0122",0.655913978494624
"NAM0130",0.78494623655914
"NAM0138",0.688172043010753
"NAM0146",0.763440860215054
"NAM0154",0.698924731182796
"NAM0162",0.666666666666667
"NAM0099",0.67741935483871
"NAM0171",0.731182795698925
"NAM0179",0.89247311827957
"NAM0187",0.967741935483871
"NAM0107",0.881720430107527
"NAM0115",0.881720430107527
"NAM0123",0.903225806451613
"NAM0131",0.849462365591398
"NAM0139",0.870967741935484
"NAM0147",0.924731182795699
"NAM0155",0.924731182795699
"NAM0192",0.870967741935484
"NAM0100",0.956989247311828
"NAM0172",0.881720430107527
"NAM0180",0.731182795698925
"NAM0642",0.688172043010753
"NAM0108",0.860215053763441
"NAM0116",0.655913978494624
"NAM0124",0.838709677419355
"NAM0132",0.67741935483871
"NAM0140",0.817204301075269
"NAM0148",0.849462365591398
"NAM0156",0.849462365591398
"NAM0641",0.666666666666667
"NAM0101",0.688172043010753
"NAM0173",0.731182795698925
"NAM0181",0.903225806451613
"NAM0189",0.89247311827957
"NAM0109",0.870967741935484
"NAM0117",0.666666666666667
"NAM0125",0.89247311827957
"NAM0133",0.666666666666667
"NAM0149",0.860215053763441
"NAM0157",0.688172043010753
"NAM0165",0.720430107526882
"NAM0102",0.806451612903226
"NAM0174",0.870967741935484
"Prior401778",0.602150537634409
"NAM0190",0.838709677419355
"NAM0110",0.870967741935484
"NAM0118",0.89247311827957
"NAM0126",0.903225806451613
"NAM0134",0.89247311827957
"NAM0142",0.860215053763441
"NAM0150",0.967741935483871
"NAM0158",0.752688172043011
"NAM0166",0.860215053763441
"NAM0103",0.655913978494624
"NAM0175",0.838709677419355
"NAM0183",0.989247311827957
"NAM0111",0.870967741935484
"NAM0119",0.881720430107527
"NAM0127",0.903225806451613
"NAM0135",0.924731182795699
"NAM0143",0.89247311827957
"NAM0151",0.913978494623656
"NAM0159",0.709677419354839
"NAM0167",0.924731182795699
"NAM0104",0.666666666666667
"NAM0176",0.67741935483871
"NAM0184",0.806451612903226
"NAM0112",0.89247311827957
"NAM0120",0.89247311827957
"NAM0128",0.731182795698925
"NAM0136",0.849462365591398
"NAM0144",0.67741935483871
"NAM0152",0.860215053763441
"NAM0160",0.698924731182796
"NAM0168",0.903225806451613
"Prior495208",0.580645161290323
"Bussel",0.838709677419355
"NAM0273",0.881720430107527
"NAM0281",0.903225806451613
"Triumph495094",0.666666666666667
"NAM0209",0.645161290322581
"NAM0217",0.89247311827957
"NAM0225",0.89247311827957
"NAM0233",0.720430107526882
"Volla402186",0.634408602150538
"Volla402216",0.580645161290323
"NAM0257",0.881720430107527
"NAM0194",0.913978494623656
"NAM0266",0.817204301075269
"NAM0274",0.913978494623656
"NAM0287",0.870967741935484
"NAM0202",0.849462365591398
"NAM0210",0.935483870967742
"NAM0218",0.666666666666667
"NAM0226",0.645161290322581
"NAM0234",0.860215053763441
"NAM0242",0.89247311827957
"NAM0250",0.89247311827957
"NAM0258",0.78494623655914
"Triumph400189",0.591397849462366
"NAM0267",0.78494623655914
"NAM0275",0.78494623655914
"NAM0288",0.89247311827957
"NAM0203",0.870967741935484
"NAM0211",0.956989247311828
"NAM0219",0.67741935483871
"NAM0227",0.645161290322581
"NAM0235",0.881720430107527
"NAM0243",0.870967741935484
"NAM0251",0.752688172043011
"NAM0259",0.881720430107527
"NAM0196",0.795698924731183
"NAM0268",0.774193548387097
"NAM0276",0.602150537634409
"NAM0284",0.89247311827957
"NAM0204",0.688172043010753
"NAM0212",0.67741935483871
"NAM0220",0.870967741935484
"NAM0228",0.655913978494624
"NAM0236",0.956989247311828
"NAM0244",0.935483870967742
"NAM0252",0.860215053763441
"NAM0260",0.774193548387097
"NAM0197",0.903225806451613
"NAM0269",0.870967741935484
"NAM0277",0.849462365591398
"NAM0285",0.89247311827957
"NAM0205",0.870967741935484
"NAM0213",0.860215053763441
"NAM0221",0.67741935483871
"NAM0229",0.645161290322581
"NAM0237",0.89247311827957
"NAM0245",0.89247311827957
"NAM0644",0.731182795698925
"NAM0261",0.827956989247312
"NAM0198",0.709677419354839
"NAM0270",0.763440860215054
"NAM0278",0.870967741935484
"NAM0286",0.881720430107527
"NAM0206",0.89247311827957
"Triumph499013",0.688172043010753
"NAM0222",0.860215053763441
"NAM0643",0.666666666666667
"Union411285",0.78494623655914
"NAM0246",0.78494623655914
"Volla402217",0.634408602150538
"NAM0262",0.774193548387097
"NAM0199",0.741935483870968
"NAM0271",0.860215053763441
"NAM0279",0.78494623655914
"NAM0207",0.849462365591398
"NAM0215",0.774193548387097
"NAM0223",0.698924731182796
"NAM0231",0.688172043010753
"NAM0239",0.78494623655914
"NAM0247",0.89247311827957
"NAM0255",0.881720430107527
"Volla411290",0.634408602150538
"NAM0200",0.967741935483871
"NAM0272",0.881720430107527
"NAM0280",0.860215053763441
"NAM0208",0.881720430107527
"NAM0216",0.666666666666667
"NAM0224",0.666666666666667
"NAM0232",0.752688172043011
"NAM0240",0.774193548387097
"NAM0248",0.913978494623656
"NAM0256",0.752688172043011
"NAM0264",0.881720430107527
"NAM0289",0.849462365591398
"NAM0361",0.688172043010753
"NAM0369",0.860215053763441
"NAM0377",0.860215053763441
"NAM0384",0.505376344086022
"NAM0305",0.89247311827957
"NAM0313",0.67741935483871
"NAM0321",0.645161290322581
"NAM0329",0.698924731182796
"NAM0337",0.89247311827957
"NAM0345",0.913978494623656
"NAM0353",0.655913978494624
"NAM0290",0.688172043010753
"NAM0362",0.881720430107527
"NAM0370",0.860215053763441
"NAM0647",0.924731182795699
"NAM0298",0.720430107526882
"NAM0306",0.881720430107527
"NAM0314",0.956989247311828
"NAM0322",0.688172043010753
"NAM0330",0.849462365591398
"NAM0338",0.591397849462366
"NAM0346",0.913978494623656
"NAM0354",0.645161290322581
"NAM0291",0.634408602150538
"NAM0363",0.870967741935484
"NAM0646",0.860215053763441
"NAM0379",0.881720430107527
"NAM0299",0.698924731182796
"NAM0307",0.688172043010753
"NAM0315",0.698924731182796
"NAM0323",0.709677419354839
"NAM0331",0.655913978494624
"NAM0339",0.655913978494624
"NAM0347",0.860215053763441
"NAM0355",0.924731182795699
"NAM0292",0.67741935483871
"NAM0364",0.860215053763441
"NAM0372",0.376344086021505
"NAM0380",0.89247311827957
"NAM0300",0.860215053763441
"NAM0308",0.827956989247312
"NAM0316",0.763440860215054
"NAM0324",0.903225806451613
"NAM0332",0.666666666666667
"NAM0340",0.849462365591398
"Morex",0.838709677419355
"NAM0356",0.645161290322581
"NAM0293",0.666666666666667
"TR03189",0.720430107526882
"NAM0373",0.698924731182796
"NAM0381",0.89247311827957
"NAM0301",0.698924731182796
"NAM0309",0.709677419354839
"NAM0317",0.860215053763441
"NAM0325",0.645161290322581
"NAM0333",0.881720430107527
"NAM0341",0.870967741935484
"NAM0349",0.688172043010753
"NAM0357",0.870967741935484
"NAM0294",0.881720430107527
"NAM0366",0.634408602150538
"NAM0374",0.645161290322581
"NAM0382",0.881720430107527
"NAM0302",0.881720430107527
"Klages",0.56989247311828
"NAM0318",0.634408602150538
"NAM0326",0.688172043010753
"NAM0334",0.666666666666667
"NAM0645",0.870967741935484
"NAM0350",0.881720430107527
"NAM0358",0.666666666666667
"NAM0295",0.666666666666667
"NAM0367",0.881720430107527
"NAM0375",0.655913978494624
"NAM0303",0.752688172043011
"NAM0311",0.860215053763441
"NAM0319",0.881720430107527
"NAM0327",0.645161290322581
"NAM0335",0.870967741935484
"NAM0343",0.709677419354839
"Warranga",0.580645161290323
"NAM0359",0.666666666666667
"NAM0383",0.881720430107527
"Dairokkaku",0.591397849462366
"NAM0376",0.688172043010753
"NAM0304",0.881720430107527
"NAM0312",0.989247311827957
"NAM0320",0.935483870967742
"NAM0328",0.67741935483871
"NAM0336",0.89247311827957
"NAM0344",0.849462365591398
"NAM0352",0.741935483870968
"NAM0360",0.860215053763441
"NAM0385",0.559139784946237
"NAM0457",0.806451612903226
"NAM0465",0.806451612903226
"Finness",0.591397849462366
"NAM0393",0.559139784946237
"NAM0409",0.505376344086022
"NAM0417",0.559139784946237
"NAM0425",0.548387096774194
"NAM0433",0.806451612903226
"NAM0441",0.849462365591398
"NAM0449",0.870967741935484
"Scrabble",0.731182795698925
"NAM0458",0.795698924731183
"NAM0466",0.860215053763441
"NAM0474",0.860215053763441
"NAM0394",0.838709677419355
"NAM0402",0.526881720430108
"NAM0410",0.881720430107527
"NAM0418",0.494623655913978
"NAM0426",0.881720430107527
"fathom",0.494623655913978
"NAM0442",0.795698924731183
"NAM0450",0.903225806451613
"Sunshine",0.612903225806452
"NAM0459",0.881720430107527
"NAM0467",0.817204301075269
"NAM0475",0.752688172043011
"NAM0395",0.89247311827957
"NAM0403",0.559139784946237
"NAM0411",0.860215053763441
"NAM0419",0.548387096774194
"NAM0427",0.838709677419355
"NAM0435",0.838709677419355
"NAM0443",0.860215053763441
"NAM0451",0.838709677419355
"NAM0388",0.580645161290323
"NAM0460",0.849462365591398
"NAM0468",0.666666666666667
"NAM0476",0.795698924731183
"NAM0396",0.860215053763441
"NAM0404",0.526881720430108
"NAM0412",0.870967741935484
"NAM0420",0.494623655913978
"NAM0428",0.935483870967742
"NAM0436",0.849462365591398
"NAM0444",0.763440860215054
"NAM0452",0.806451612903226
"NAM0389",0.526881720430108
"NAM0461",0.860215053763441
"NAM0469",0.838709677419355
"NAM0477",0.817204301075269
"NAM0397",0.849462365591398
"NAM0405",0.881720430107527
"NAM0413",0.881720430107527
"Athos400318",0.526881720430108
"NAM0429",0.838709677419355
"NAM0437",0.860215053763441
"NAM0445",0.78494623655914
"NAM0453",0.817204301075269
"NAM0390",0.860215053763441
"NAM0462",0.838709677419355
"NAM0470",0.795698924731183
"NAM0479",0.795698924731183
"NAM0398",0.870967741935484
"NAM0406",0.881720430107527
"NAM0414",0.924731182795699
"NAM0422",0.89247311827957
"NAM0430",0.591397849462366
"NAM0438",0.806451612903226
"NAM0446",0.827956989247312
"NAM0454",0.741935483870968
"NAM0391",0.870967741935484
"NAM0463",0.89247311827957
"NAM0471",0.849462365591398
"NAM0399",0.505376344086022
"NAM0407",0.881720430107527
"NAM0423",0.516129032258065
"NAM0431",0.623655913978495
"NAM0439",0.89247311827957
"NAM0447",0.849462365591398
"NAM0455",0.860215053763441
"NAM0392",0.881720430107527
"NAM0464",0.806451612903226
"NAM0472",0.795698924731183
"NAM0400",0.870967741935484
"NAM0416",0.43010752688172
"NAM0424",0.537634408602151
"NAM0432",0.881720430107527
"NAM0440",0.89247311827957
"NAM0448",0.860215053763441
"NAM0456",0.763440860215054
"NAM0481",0.838709677419355
"NAM0553",0.666666666666667
"NAM0561",0.881720430107527
"NAM0569",0.731182795698925
"NAM0489",0.860215053763441
"NAM0497",0.870967741935484
"NAM0505",0.849462365591398
"NAM0513",0.967741935483871
"NAM0521",0.795698924731183
"NAM0529",0.838709677419355
"NAM0537",0.655913978494624
"FleetAus",0.526881720430108
"NAM0482",0.881720430107527
"NAM0554",0.688172043010753
"NAM0562",0.67741935483871
"NAM0570",0.78494623655914
"NAM0490",0.870967741935484
"NAM0498",0.634408602150538
"NAM0506",0.89247311827957
"NAM0514",0.741935483870968
"NAM0522",0.849462365591398
"NAM0530",0.870967741935484
"NAM0538",0.67741935483871
"NAM0546",0.870967741935484
"NAM0648",0.870967741935484
"NAM0555",0.946236559139785
"NAM0563",0.860215053763441
"NAM0571",0.881720430107527
"NAM0491",0.655913978494624
"NAM0499",0.860215053763441
"NAM0507",0.67741935483871
"NAM0515",0.946236559139785
"NAM0650",0.752688172043011
"NAM0531",0.634408602150538
"Flagship",0.505376344086022
"NAM0547",0.870967741935484
"NAM0575",0.666666666666667
"Franklin",0.827956989247312
"Gairdner",0.516129032258065
"NAM0572",0.849462365591398
"NAM0492",0.591397849462366
"NAM0500",0.913978494623656
"NAM0508",0.967741935483871
"NAM0516",0.666666666666667
"NAM0524",0.935483870967742
"NAM0532",0.78494623655914
"NAM0540",0.849462365591398
"NAM0548",0.698924731182796
"NAM0485",0.881720430107527
"NAM0557",0.924731182795699
"NAM0565",0.881720430107527
"NAM0573",0.688172043010753
"NAM0493",0.870967741935484
"NAM0501",0.849462365591398
"NAM0509",0.881720430107527
"NAM0517",0.860215053763441
"NAM0525",0.67741935483871
"NAM0533",0.774193548387097
"NAM0541",0.67741935483871
"Forrest",0.548387096774194
"NAM0576",0.709677419354839
"NAM0558",0.860215053763441
"NAM0566",0.645161290322581
"NAM0574",0.763440860215054
"Fitzgerald",0.78494623655914
"NAM0502",0.655913978494624
"NAM0510",0.634408602150538
"NAM0649",0.709677419354839
"NAM0526",0.827956989247312
"NAM0534",0.89247311827957
"NAM0542",0.645161290322581
"NAM0550",0.913978494623656
"NAM0487",0.924731182795699
"NAM0559",0.698924731182796
"NAM0567",0.946236559139785
"NAM0495",0.924731182795699
"Fitzroy",0.548387096774194
"NAM0511",0.655913978494624
"NAM0519",0.666666666666667
"NAM0527",0.666666666666667
"NAM0535",0.623655913978495
"NAM0543",0.849462365591398
"NAM0551",0.849462365591398
"NAM0488",0.870967741935484
"NAM0560",0.849462365591398
"Galleon",0.516129032258065
"NAM0496",0.860215053763441
"NAM0504",0.655913978494624
"NAM0512",0.623655913978495
"NAM0520",0.881720430107527
"NAM0528",0.666666666666667
"NAM0536",0.634408602150538
"NAM0544",0.827956989247312
"NAM0552",0.752688172043011
"NAM0577",0.913978494623656
"RIL.301",0.56989247311828
"RIL.309",0.763440860215054
"Hanna400974",0.78494623655914
"NAM0585",0.89247311827957
"NAM0593",0.741935483870968
"NAM0601",0.655913978494624
"NAM0609",0.67741935483871
"NAM0617",0.881720430107527
"NAM0625",0.967741935483871
"NAM0633",0.817204301075269
"RIL.293",0.559139784946237
"NAM0578",0.688172043010753
"RIL.302",0.741935483870968
"RIL.310",0.612903225806452
"Isaria401102",0.591397849462366
"NAM0586",0.666666666666667
"NAM0594",0.634408602150538
"NAM0602",0.849462365591398
"NAM0610",0.634408602150538
"NAM0618",0.870967741935484
"Grout",0.752688172043011
"NAM0634",0.860215053763441
"RIL.294",0.763440860215054
"NAM0579",0.881720430107527
"RIL.303",0.752688172043011
"RIL.311",0.602150537634409
"Isaria401103",0.56989247311828
"NAM0587",0.634408602150538
"NAM0595",0.645161290322581
"NAM0603",0.666666666666667
"NAM0611",0.849462365591398
"NAM0619",0.849462365591398
"NAM0627",0.67741935483871
"NAM0635",0.67741935483871
"RIL.295",0.817204301075269
"NAM0580",0.827956989247312
"RIL.304",0.741935483870968
"Diamant411245",0.763440860215054
"Isaria402132",0.731182795698925
"NAM0588",0.838709677419355
"NAM0596",0.623655913978495
"NAM0604",0.634408602150538
"NAM0612",0.913978494623656
"Gilbert",0.666666666666667
"NAM0628",0.89247311827957
"RIL.288",0.720430107526882
"RIL.296",0.720430107526882
"NAM0581",0.870967741935484
"RIL.305",0.602150537634409
"Diamant412209",0.698924731182796
"Cape400554",0.580645161290323
"NAM0589",0.849462365591398
"NAM0597",0.666666666666667
"NAM0605",0.860215053763441
"NAM0613",0.612903225806452
"NAM0621",0.591397849462366
"NAM0629",0.709677419354839
"RIL.289",0.591397849462366
"RIL.297",0.688172043010753
"NAM0582",0.860215053763441
"RIL.306",0.548387096774194
"Diamant412251",0.752688172043011
"Cape400555",0.516129032258065
"NAM0590",0.870967741935484
"NAM0598",0.806451612903226
"NAM0606",0.634408602150538
"NAM0614",0.666666666666667
"NAM0622",0.89247311827957
"NAM0630",0.967741935483871
"RIL.290",0.774193548387097
"RIL.298",0.698924731182796
"NAM0583",0.860215053763441
"RIL.307",0.752688172043011
"Diamant412280",0.763440860215054
"NAM0591",0.666666666666667
"NAM0599",0.612903225806452
"NAM0607",0.67741935483871
"Binder400434",0.602150537634409
"NAM0623",0.580645161290323
"Gus",0.67741935483871
"RIL.291",0.559139784946237
"RIL.299",0.56989247311828
"NAM0672",0.806451612903226
"RIL.308",0.559139784946237
"Hanna400973",0.634408602150538
"NAM0592",0.612903225806452
"NAM0671",0.903225806451613
"NAM0608",0.935483870967742
"Binder411292",0.602150537634409
"Grimmett",0.698924731182796
"NAM0632",0.881720430107527
"RIL.292",0.56989247311828
"RIL.300",0.741935483870968
"Cape400556",0.655913978494624
"NAM0745",0.870967741935484
"NAM0753",0.881720430107527
"NAM0761",0.849462365591398
"NAM0681",0.580645161290323
"NAM0689",0.806451612903226
"NAM0697",0.741935483870968
"NAM0705",0.849462365591398
"NAM0713",0.827956989247312
"NAM0721",0.827956989247312
"NAM0729",0.838709677419355
"NAM0737",0.806451612903226
"Ceres400583",0.763440860215054
"NAM0746",0.870967741935484
"NAM0754",0.666666666666667
"NAM0762",0.795698924731183
"NAM0682",0.623655913978495
"NAM0690",0.881720430107527
"NAM0698",0.849462365591398
"NAM0706",0.774193548387097
"NAM0714",0.881720430107527
"NAM0722",0.881720430107527
"NAM0730",0.817204301075269
"NAM0738",0.870967741935484
"Ceres411243",0.752688172043011
"NAM0747",0.698924731182796
"NAM0755",0.870967741935484
"NAM0763",0.763440860215054
"NAM0683",0.666666666666667
"NAM0691",0.881720430107527
"NAM0699",0.89247311827957
"NAM0707",0.849462365591398
"NAM0715",0.78494623655914
"NAM0723",0.870967741935484
"NAM0731",0.860215053763441
"NAM0739",0.817204301075269
"Chevalier400603",0.645161290322581
"NAM0748",0.946236559139785
"NAM0756",0.655913978494624
"NAM0764",0.709677419354839
"NAM0684",0.67741935483871
"NAM0692",0.78494623655914
"NAM0700",0.870967741935484
"Hamelin",0.860215053763441
"NAM0716",0.849462365591398
"NAM0724",0.774193548387097
"NAM0732",0.806451612903226
"NAM0740",0.838709677419355
"NAM0677",0.688172043010753
"NAM0749",0.612903225806452
"NAM0757",0.924731182795699
"Hindmarsh",0.881720430107527
"NAM0685",0.612903225806452
"NAM0693",0.870967741935484
"NAM0701",0.870967741935484
"NAM0709",0.849462365591398
"NAM0717",0.78494623655914
"NAM0725",0.838709677419355
"NAM0733",0.795698924731183
"NAM0741",0.870967741935484
"NAM0678",0.860215053763441
"NAM0750",0.666666666666667
"NAM0758",0.849462365591398
"NAM0766",0.924731182795699
"NAM0686",0.709677419354839
"NAM0768",0.817204301075269
"NAM0702",0.860215053763441
"NAM0710",0.849462365591398
"HENLEY",0.591397849462366
"NAM0726",0.849462365591398
"NAM0734",0.849462365591398
"NAM0742",0.849462365591398
"NAM0679",0.645161290322581
"NAM0751",0.645161290322581
"NAM0759",0.870967741935484
"NAM0687",0.634408602150538
"DebaAbed400701",0.559139784946237
"NAM0703",0.78494623655914
"NAM0711",0.78494623655914
"NAM0719",0.860215053763441
"NAM0727",0.849462365591398
"NAM0735",0.817204301075269
"NAM0743",0.655913978494624
"NAM0680",0.870967741935484
"NAM0752",0.849462365591398
"NAM0760",0.870967741935484
"NAM0688",0.774193548387097
"NAM0696",0.849462365591398
"NAM0704",0.817204301075269
"NAM0712",0.827956989247312
"NAM0720",0.849462365591398
"NAM0728",0.870967741935484
"NAM0736",0.870967741935484
"NAM0744",0.688172043010753
"NAM0769",0.666666666666667
"NAM0841",0.817204301075269
"NAM0849",0.870967741935484
"NAM0857",0.698924731182796
"NAM0777",0.688172043010753
"NAM0785",0.860215053763441
"NAM0793",0.709677419354839
"NAM0801",0.666666666666667
"NAM0809",0.860215053763441
"Lara",0.89247311827957
"Lockyer",0.741935483870968
"NAM0833",0.89247311827957
"NAM0770",0.881720430107527
"NAM0842",0.860215053763441
"NAM0850",0.838709677419355
"NAM0858",0.903225806451613
"NAM0778",0.924731182795699
"NAM0786",0.924731182795699
"NAM0794",0.709677419354839
"NAM0802",0.698924731182796
"NAM0810",0.666666666666667
"NAM0818",0.741935483870968
"Lybia221",0.580645161290323
"NAM0834",0.849462365591398
"NAM0771",0.698924731182796
"NAM0843",0.89247311827957
"NAM0851",0.838709677419355
"NAM0859",0.666666666666667
"NAM0779",0.688172043010753
"NAM0787",0.827956989247312
"NAM0795",0.870967741935484
"NAM0803",0.731182795698925
"Ketch",0.559139784946237
"Lindwall",0.774193548387097
"MACKAY",0.709677419354839
"NAM0835",0.67741935483871
"NAM0772",0.881720430107527
"NAM0844",0.838709677419355
"NAM0852",0.655913978494624
"NAM0860",0.688172043010753
"NAM0780",0.860215053763441
"NAM0788",0.870967741935484
"NAM0796",0.956989247311828
"NAM0804",0.860215053763441
"NAM0812",0.849462365591398
"NAM0820",0.752688172043011
"Macquarie",0.881720430107527
"NAM0864",0.827956989247312
"NAM0773",0.709677419354839
"NAM0845",0.720430107526882
"NAM0853",0.655913978494624
"NAM0861",0.860215053763441
"NAM0781",0.655913978494624
"NAM0789",0.913978494623656
"NAM0797",0.720430107526882
"Kaputar",0.591397849462366
"NAM0813",0.849462365591398
"NAM0821",0.827956989247312
"NAM0829",0.946236559139785
"NAM0837",0.838709677419355
"NAM0651",0.870967741935484
"NAM0846",0.903225806451613
"NAM0854",0.774193548387097
"NAM0862",0.870967741935484
"NAM0782",0.849462365591398
"NAM0790",0.838709677419355
"NAM0798",0.946236559139785
"NAM0806",0.924731182795699
"NAM0814",0.698924731182796
"NAM0822",0.89247311827957
"NAM0830",0.838709677419355
"NAM0838",0.688172043010753
"NAM0775",0.698924731182796
"NAM0847",0.720430107526882
"NAM0855",0.666666666666667
"NAM0783",0.935483870967742
"NAM0791",0.827956989247312
"NAM0799",0.655913978494624
"NAM0807",0.731182795698925
"NAM0815",0.946236559139785
"NAM0823",0.881720430107527
"NAM0863",0.720430107526882
"NAM0839",0.666666666666667
"NAM0776",0.67741935483871
"NAM0848",0.806451612903226
"NAM0856",0.67741935483871
"NAM0784",0.655913978494624
"NAM0792",0.688172043010753
"NAM0800",0.860215053763441
"Keel",0.548387096774194
"NAM0816",0.709677419354839
"NAM0824",0.838709677419355
"NAM0832",0.913978494623656
"NAM0840",0.849462365591398
"NAM0865",0.849462365591398
"NAM0937",0.698924731182796
"NAM0945",0.881720430107527
"NAM0953",0.870967741935484
"NAM0873",0.774193548387097
"NAM0881",0.655913978494624
"NAM0889",0.645161290322581
"NAM0897",0.860215053763441
"NAM0905",0.666666666666667
"NAM0913",0.946236559139785
"NAM0921",0.849462365591398
"NAM0929",0.741935483870968
"NAM0866",0.709677419354839
"NAM0938",0.89247311827957
"NAM0946",0.838709677419355
"NAM0954",0.645161290322581
"NAM0874",0.870967741935484
"NAM0882",0.849462365591398
"NAM0890",0.881720430107527
"NAM0898",0.967741935483871
"NAM0906",0.870967741935484
"Malebo",0.655913978494624
"NAM0922",0.903225806451613
"NAM0930",0.956989247311828
"NAM0867",0.698924731182796
"NAM0939",0.623655913978495
"Moondyne",0.580645161290323
"NAM0955",0.870967741935484
"NAM0875",0.881720430107527
"NAM0883",0.698924731182796
"NAM0891",0.67741935483871
"NAM0899",0.666666666666667
"NAM0907",0.666666666666667
"NAM0915",0.720430107526882
"NAM0923",0.688172043010753
"NAM0931",0.903225806451613
"NAM0868",0.903225806451613
"Molloy",0.763440860215054
"NAM0948",0.870967741935484
"NAM0956",0.655913978494624
"NAM0959",0.881720430107527
"NAM0884",0.666666666666667
"NAM0892",0.838709677419355
"NAM0900",0.731182795698925
"NAM0908",0.698924731182796
"NAM0916",0.89247311827957
"NAM0652",0.860215053763441
"NAM0932",0.860215053763441
"NAM0869",0.741935483870968
"NAM0941",0.591397849462366
"NAM0949",0.849462365591398
"NAM0957",0.860215053763441
"NAM0877",0.849462365591398
"NAM0960",0.602150537634409
"NAM0893",0.698924731182796
"NAM0901",0.78494623655914
"NAM0909",0.741935483870968
"NAM0917",0.903225806451613
"NAM0925",0.89247311827957
"NAM0933",0.849462365591398
"NAM0870",0.870967741935484
"NAM0942",0.67741935483871
"NAM0950",0.645161290322581
"Morrell",0.741935483870968
"NAM0878",0.838709677419355
"NAM0886",0.849462365591398
"NAM0894",0.752688172043011
"NAM0902",0.860215053763441
"NAM0910",0.849462365591398
"Maritime",0.666666666666667
"NAM0926",0.913978494623656
"NAM0934",0.849462365591398
"NAM0871",0.827956989247312
"NAM0943",0.655913978494624
"NAM0951",0.634408602150538
"NAM0879",0.709677419354839
"NAM0887",0.741935483870968
"NAM0895",0.849462365591398
"NAM0903",0.688172043010753
"NAM0911",0.89247311827957
"NAM0919",0.731182795698925
"NAM0927",0.709677419354839
"NAM0935",0.849462365591398
"NAM0872",0.838709677419355
"NAM0944",0.870967741935484
"NAM0952",0.612903225806452
"NAM0880",0.946236559139785
"NAM0888",0.741935483870968
"NAM0896",0.849462365591398
"NAM0904",0.870967741935484
"NAM0912",0.827956989247312
"NAM0920",0.709677419354839
"Moby",0.602150537634409
"NAM0936",0.849462365591398
"NAM0961",0.849462365591398
"NAM1033",0.67741935483871
"NAM1041",0.612903225806452
"NAM1049",0.881720430107527
"NAM0969",0.720430107526882
"Naomi",0.698924731182796
"NAM0985",0.881720430107527
"NAM0993",0.870967741935484
"NAM1001",0.89247311827957
"NAM1009",0.806451612903226
"NAM1017",0.860215053763441
"NAM1025",0.688172043010753
"NAM0962",0.870967741935484
"NAM1034",0.881720430107527
"Diamant400713",0.645161290322581
"NAM1050",0.870967741935484
"NAM1056",0.881720430107527
"navigator",0.752688172043011
"NAM0653",0.78494623655914
"ONSLOW",0.580645161290323
"NAM1002",0.817204301075269
"NAM1010",0.827956989247312
"Oxford",0.602150537634409
"NAM1026",0.860215053763441
"NAM0963",0.655913978494624
"NAM1035",0.67741935483871
"NAM1043",0.89247311827957
"NAM1051",0.881720430107527
"NAM0971",0.688172043010753
"Noyep",0.67741935483871
"NAM0987",0.827956989247312
"NAM0995",0.860215053763441
"NAM1003",0.860215053763441
"NAM1011",0.870967741935484
"NAM1019",0.881720430107527
"NAM1027",0.666666666666667
"NAM0964",0.655913978494624
"NAM1036",0.870967741935484
"NAM1044",0.688172043010753
"NAM1052",0.688172043010753
"NAM0972",0.89247311827957
"NAM0980",0.881720430107527
"NAM0988",0.827956989247312
"NAM0996",0.849462365591398
"NAM1004",0.881720430107527
"NAM1012",0.838709677419355
"NAM1020",0.860215053763441
"NAM1028",0.666666666666667
"NAM0965",0.881720430107527
"Parwan",0.655913978494624
"NAM1045",0.666666666666667
"NAM1053",0.67741935483871
"MUNDAH",0.924731182795699
"O.Connor",0.913978494623656
"NAM0989",0.870967741935484
"NAM0997",0.838709677419355
"NAM1005",0.870967741935484
"NAM1013",0.827956989247312
"NAM1021",0.817204301075269
"NAM1029",0.67741935483871
"NAM0966",0.666666666666667
"NAM1038",0.666666666666667
"NAM0654",0.870967741935484
"NAM1054",0.89247311827957
"NAM0974",0.881720430107527
"NAM0982",0.838709677419355
"NAM0990",0.817204301075269
"NAM0998",0.881720430107527
"NAM1006",0.870967741935484
"NAM1014",0.870967741935484
"NAM1022",0.881720430107527
"NAM1030",0.860215053763441
"NAM1055",0.774193548387097
"NAM1039",0.827956989247312
"NAM1047",0.881720430107527
"NAM0975",0.89247311827957
"NAM0983",0.849462365591398
"NAM0991",0.860215053763441
"NAM0999",0.827956989247312
"NAM1007",0.849462365591398
"NAM1015",0.870967741935484
"NAM1023",0.860215053763441
"NAM1031",0.881720430107527
"NAM0968",0.655913978494624
"NAM1040",0.666666666666667
"NAM1048",0.913978494623656
"NAM0976",0.838709677419355
"NAM0984",0.838709677419355
"NAM0992",0.78494623655914
"NAM1000",0.881720430107527
"NAM1008",0.860215053763441
"NAM1016",0.849462365591398
"NAM1024",0.860215053763441
"NAM1032",0.655913978494624
"NAM1057",0.795698924731183
"NAM1129",0.956989247311828
"NAM1137",0.666666666666667
"NAM1145",0.89247311827957
"NAM1065",0.688172043010753
"NAM1073",0.838709677419355
"NAM1081",0.881720430107527
"NAM1089",0.548387096774194
"NAM1097",0.537634408602151
"NAM1105",0.516129032258065
"NAM1113",0.559139784946237
"NAM1121",0.860215053763441
"NAM1058",0.67741935483871
"NAM1130",0.881720430107527
"NAM1138",0.870967741935484
"NAM1146",0.956989247311828
"NAM1066",0.89247311827957
"NAM1074",0.870967741935484
"NAM1082",0.870967741935484
"NAM1090",0.870967741935484
"NAM1098",0.838709677419355
"NAM1106",0.516129032258065
"NAM1114",0.526881720430108
"NAM1122",0.881720430107527
"NAM1059",0.666666666666667
"NAM1131",0.870967741935484
"NAM1139",0.89247311827957
"NAM1147",0.881720430107527
"NAM1067",0.645161290322581
"NAM1075",0.817204301075269
"NAM1083",0.881720430107527
"NAM1091",0.516129032258065
"NAM1099",0.860215053763441
"NAM1107",0.881720430107527
"NAM1115",0.881720430107527
"NAM1123",0.537634408602151
"NAM1060",0.89247311827957
"NAM1132",0.688172043010753
"NAM1140",0.870967741935484
"NAM1148",0.935483870967742
"NAM1068",0.870967741935484
"NAM1076",0.838709677419355
"NAM1084",0.913978494623656
"NAM1092",0.473118279569892
"NAM1100",0.526881720430108
"NAM1108",0.870967741935484
"NAM1116",0.870967741935484
"NAM1124",0.924731182795699
"NAM0655",0.956989247311828
"NAM1151",0.881720430107527
"NAM1141",0.946236559139785
"NAM1149",0.870967741935484
"NAM0656",0.860215053763441
"NAM1077",0.870967741935484
"NAM1085",0.473118279569892
"NAM1093",0.838709677419355
"NAM1101",0.559139784946237
"NAM1109",0.548387096774194
"NAM1117",0.849462365591398
"NAM1125",0.881720430107527
"NAM1062",0.709677419354839
"NAM1152",0.688172043010753
"NAM1142",0.741935483870968
"NAM1150",0.860215053763441
"NAM1070",0.838709677419355
"NAM1078",0.935483870967742
"NAM1086",0.526881720430108
"NAM1094",0.870967741935484
"NAM1102",0.870967741935484
"NAM1110",0.516129032258065
"NAM1118",0.903225806451613
"NAM1126",0.731182795698925
"NAM1063",0.67741935483871
"NAM1135",0.67741935483871
"NAM1143",0.698924731182796
"NAM1071",0.881720430107527
"NAM1079",0.537634408602151
"NAM1087",0.516129032258065
"NAM1095",0.860215053763441
"NAM1103",0.849462365591398
"NAM1111",0.548387096774194
"NAM1119",0.548387096774194
"NAM1127",0.78494623655914
"NAM1064",0.698924731182796
"NAM1136",0.870967741935484
"NAM1144",0.688172043010753
"NAM1072",0.838709677419355
"NAM1080",0.946236559139785
"NAM1088",0.526881720430108
"NAM0657",0.860215053763441
"NAM0658",0.881720430107527
"NAM1112",0.645161290322581
"NAM1120",0.516129032258065
"NAM1128",0.870967741935484
"NAM1153",0.935483870967742
"NAM1225",0.688172043010753
"NAM1233",0.817204301075269
"NAM1241",0.881720430107527
"NAM1161",0.881720430107527
"NAM1169",0.806451612903226
"NAM1177",0.89247311827957
"NAM1185",0.849462365591398
"NAM1193",0.591397849462366
"NAM1248",0.860215053763441
"NAM1209",0.827956989247312
"NAM1217",0.67741935483871
"NAM1154",0.89247311827957
"NAM1226",0.870967741935484
"NAM0661",0.731182795698925
"NAM1242",0.881720430107527
"NAM1162",0.666666666666667
"NAM1170",0.827956989247312
"NAM1178",0.860215053763441
"NAM1186",0.612903225806452
"NAM1194",0.870967741935484
"NAM1202",0.78494623655914
"NAM1210",0.612903225806452
"NAM1218",0.709677419354839
"NAM1155",0.763440860215054
"NAM1227",0.881720430107527
"NAM1235",0.89247311827957
"NAM1243",0.838709677419355
"NAM1163",0.612903225806452
"NAM1171",0.935483870967742
"NAM1179",0.698924731182796
"NAM1187",0.591397849462366
"NAM0659",0.849462365591398
"Roe",0.752688172043011
"NAM1211",0.731182795698925
"NAM1219",0.655913978494624
"Pompadour",0.709677419354839
"NAM1228",0.881720430107527
"NAM1236",0.860215053763441
"NAM1244",0.645161290322581
"NAM1164",0.645161290322581
"NAM1172",0.860215053763441
"NAM1180",0.741935483870968
"NAM1188",0.591397849462366
"NAM1196",0.580645161290323
"NAM1204",0.89247311827957
"NAM1212",0.903225806451613
"NAM1220",0.881720430107527
"NAM1157",0.903225806451613
"NAM1229",0.870967741935484
"NAM1237",0.688172043010753
"NAM1245",0.860215053763441
"NAM1165",0.817204301075269
"NAM1173",0.612903225806452
"NAM1181",0.870967741935484
"NAM1189",0.602150537634409
"Resibee",0.602150537634409
"NAM1205",0.56989247311828
"NAM1213",0.881720430107527
"NAM1221",0.731182795698925
"NAM1158",0.913978494623656
"NAM1230",0.924731182795699
"NAM1238",0.881720430107527
"NAM1246",0.849462365591398
"NAM1166",0.860215053763441
"NAM1174",0.559139784946237
"Proctor",0.838709677419355
"NAM1190",0.849462365591398
"NAM1198",0.935483870967742
"Schooner",0.849462365591398
"NAM1214",0.688172043010753
"NAM1222",0.709677419354839
"NAM1159",0.698924731182796
"ScopeCL",0.688172043010753
"NAM1239",0.634408602150538
"NAM1167",0.827956989247312
"Prior.1",0.56989247311828
"NAM1183",0.849462365591398
"Research",0.655913978494624
"NAM1199",0.56989247311828
"NAM0660",0.666666666666667
"NAM1215",0.881720430107527
"NAM1223",0.849462365591398
"NAM1160",0.720430107526882
"NAM1232",0.881720430107527
"NAM1240",0.881720430107527
"NAM1168",0.655913978494624
"NAM1176",0.860215053763441
"NAM1184",0.881720430107527
"NAM1192",0.623655913978495
"NAM1247",0.870967741935484
"NAM1208",0.591397849462366
"NAM1216",0.849462365591398
"NAM1224",0.935483870967742
"NAM1249",0.634408602150538
"NAM1321",0.698924731182796
"NAM1329",0.935483870967742
"Sloop",0.870967741935484
"NAM1343",0.89247311827957
"NAM1265",0.870967741935484
"NAM1273",0.655913978494624
"Shepherd",0.698924731182796
"NAM1289",0.806451612903226
"NAM1297",0.849462365591398
"NAM1305",0.89247311827957
"NAM1313",0.903225806451613
"NAM1250",0.849462365591398
"NAM1322",0.870967741935484
"NAM1330",0.881720430107527
"NAM1338",0.956989247311828
"NAM1258",0.849462365591398
"NAM1266",0.860215053763441
"NAM1274",0.623655913978495
"NAM1282",0.860215053763441
"NAM1290",0.591397849462366
"NAM1298",0.838709677419355
"NAM1306",0.849462365591398
"Skiff.1",0.795698924731183
"NAM1251",0.89247311827957
"NAM1323",0.89247311827957
"NAM1331",0.698924731182796
"NAM0663",0.903225806451613
"NAM1344",0.860215053763441
"NAM1267",0.870967741935484
"NAM1275",0.634408602150538
"NAM1283",0.806451612903226
"NAM1291",0.860215053763441
"NAM1299",0.806451612903226
"NAM1307",0.881720430107527
"NAM1315",0.860215053763441
"NAM1252",0.720430107526882
"NAM1324",0.89247311827957
"NAM1332",0.709677419354839
"NAM1340",0.946236559139785
"NAM1260",0.860215053763441
"NAM1268",0.709677419354839
"NAM1276",0.903225806451613
"NAM1284",0.881720430107527
"NAM1292",0.89247311827957
"NAM1300",0.806451612903226
"NAM1308",0.827956989247312
"NAM1316",0.67741935483871
"NAM1253",0.903225806451613
"NAM1325",0.903225806451613
"NAM1333",0.881720430107527
"NAM1341",0.881720430107527
"NAM1261",0.623655913978495
"NAM1269",0.89247311827957
"NAM1277",0.870967741935484
"NAM1285",0.827956989247312
"NAM1293",0.849462365591398
"NAM1301",0.89247311827957
"NAM1309",0.89247311827957
"NAM1317",0.870967741935484
"NAM1254",0.903225806451613
"NAM1326",0.666666666666667
"NAM1334",0.89247311827957
"NAM1342",0.688172043010753
"NAM1262",0.838709677419355
"NAM1270",0.591397849462366
"NAM1278",0.870967741935484
"NAM1286",0.838709677419355
"NAM1294",0.838709677419355
"NAM1302",0.89247311827957
"NAM1310",0.870967741935484
"NAM1318",0.698924731182796
"NAM1255",0.666666666666667
"NAM1327",0.946236559139785
"NAM1335",0.903225806451613
"Shannon",0.817204301075269
"NAM1271",0.634408602150538
"NAM1279",0.827956989247312
"NAM1287",0.89247311827957
"NAM1295",0.849462365591398
"NAM1303",0.881720430107527
"NAM1311",0.645161290322581
"NAM1319",0.67741935483871
"NAM0662",0.860215053763441
"NAM1328",0.698924731182796
"NAM1336",0.881720430107527
"NAM1264",0.860215053763441
"NAM1272",0.870967741935484
"NAM1280",0.78494623655914
"NAM1288",0.817204301075269
"NAM1296",0.903225806451613
"NAM1304",0.89247311827957
"NAM1312",0.881720430107527
"NAM1320",0.645161290322581
"NAM1345",0.849462365591398
"NAM1417",0.827956989247312
"Ulandra",0.731182795698925
"NAM1433",0.763440860215054
"Stirling",0.903225806451613
"NAM1361",0.634408602150538
"NAM1369",0.741935483870968
"NAM1377",0.666666666666667
"NAM1385",0.870967741935484
"NAM1393",0.881720430107527
"NAM1401",0.881720430107527
"NAM1409",0.774193548387097
"SLOOPSA",0.860215053763441
"NAM1418",0.838709677419355
"NAM1426",0.870967741935484
"NAM1434",0.78494623655914
"NAM1354",0.860215053763441
"NAM1362",0.870967741935484
"Tilga",0.817204301075269
"NAM1378",0.709677419354839
"NAM1386",0.870967741935484
"NAM1394",0.881720430107527
"NAM1402",0.709677419354839
"NAM1410",0.913978494623656
"NAM1347",0.688172043010753
"NAM1419",0.89247311827957
"NAM1427",0.806451612903226
"NAM1435",0.774193548387097
"NAM1355",0.67741935483871
"NAM1363",0.881720430107527
"NAM1371",0.924731182795699
"NAM1379",0.881720430107527
"NAM1387",0.731182795698925
"NAM1395",0.666666666666667
"NAM1403",0.666666666666667
"NAM1411",0.870967741935484
"NAM1348",0.645161290322581
"NAM1420",0.946236559139785
"NAM1428",0.870967741935484
"Urambie",0.741935483870968
"NAM1356",0.860215053763441
"NAM1364",0.881720430107527
"TORRENS",0.548387096774194
"NAM1380",0.935483870967742
"NAM1388",0.634408602150538
"NAM1396",0.913978494623656
"NAM1404",0.78494623655914
"NAM1412",0.709677419354839
"SLOOPVIC",0.838709677419355
"Tulla",0.78494623655914
"NAM1429",0.795698924731183
"NAM1437",0.849462365591398
"NAM1357",0.860215053763441
"NAM1365",0.903225806451613
"NAM1373",0.935483870967742
"NAM1381",0.946236559139785
"NAM1389",0.903225806451613
"NAM1397",0.688172043010753
"NAM1405",0.806451612903226
"NAM1413",0.89247311827957
"NAM1350",0.849462365591398
"NAM1422",0.806451612903226
"NAM1430",0.849462365591398
"NAM1438",0.881720430107527
"NAM1358",0.881720430107527
"Tantangara",0.763440860215054
"NAM1374",0.860215053763441
"NAM1382",0.698924731182796
"NAM1390",0.946236559139785
"NAM1398",0.67741935483871
"NAM1406",0.763440860215054
"NAM1414",0.795698924731183
"NAM1351",0.666666666666667
"NAM1423",0.913978494623656
"NAM1431",0.774193548387097
"NAM1359",0.78494623655914
"NAM1367",0.688172043010753
"NAM1375",0.913978494623656
"NAM1383",0.89247311827957
"NAM1439",0.795698924731183
"NAM1399",0.881720430107527
"NAM1407",0.881720430107527
"Triumph",0.688172043010753
"NAM1352",0.924731182795699
"Taixing9425",0.849462365591398
"NAM1432",0.795698924731183
"Tallon",0.580645161290323
"NAM1368",0.741935483870968
"NAM1376",0.89247311827957
"NAM1384",0.870967741935484
"NAM1440",0.806451612903226
"NAM1400",0.67741935483871
"NAM1408",0.774193548387097
"NAM1416",0.763440860215054
"NAM1441",0.89247311827957
"NAM1513",0.881720430107527
"NAM1521",0.89247311827957
"NAM1449",0.935483870967742
"NAM1457",0.870967741935484
"NAM1465",0.978494623655914
"Waranga",0.623655913978495
"NAM1481",0.89247311827957
"NAM1489",0.838709677419355
"NAM1497",0.89247311827957
"NAM1505",0.537634408602151
"NAM1442",0.870967741935484
"NAM1514",0.89247311827957
"NAM1522",0.870967741935484
"Weeah",0.634408602150538
"NAM1450",0.903225806451613
"NAM1458",0.903225806451613
"NAM1466",0.720430107526882
"NAM1474",0.688172043010753
"NAM1482",0.870967741935484
"NAM1490",0.881720430107527
"NAM1498",0.655913978494624
"NAM0664",0.870967741935484
"NAM1443",0.89247311827957
"NAM1515",0.516129032258065
"NAM1523",0.89247311827957
"NAM1531",0.537634408602151
"NAM1451",0.806451612903226
"NAM1459",0.67741935483871
"NAM1467",0.698924731182796
"NAM1475",0.870967741935484
"NAM1483",0.849462365591398
"NAM1491",0.698924731182796
"NAM1499",0.698924731182796
"NAM1507",0.56989247311828
"NAM1444",0.720430107526882
"NAM1516",0.505376344086022
"NAM1524",0.591397849462366
"NAM1532",0.881720430107527
"NAM1452",0.870967741935484
"NAM1460",0.935483870967742
"Vlamingh",0.838709677419355
"NAM1476",0.924731182795699
"NAM1484",0.720430107526882
"NAM1492",0.709677419354839
"NAM1500",0.89247311827957
"NAM1535",0.860215053763441
"NAM1445",0.720430107526882
"NAM1517",0.473118279569892
"NAM1525",0.903225806451613
"NAM1533",0.870967741935484
"NAM1453",0.645161290322581
"NAM1461",0.688172043010753
"NAM1469",0.720430107526882
"NAM1477",0.978494623655914
"NAM1485",0.967741935483871
"NAM1493",0.903225806451613
"NAM1501",0.903225806451613
"NAM1536",0.89247311827957
"NAM1446",0.913978494623656
"NAM1518",0.494623655913978
"NAM1526",0.870967741935484
"NAM1534",0.881720430107527
"NAM1454",0.89247311827957
"NAM1462",0.806451612903226
"NAM1470",0.688172043010753
"NAM1478",0.698924731182796
"NAM1486",0.89247311827957
"NAM1494",0.881720430107527
"NAM1502",0.526881720430108
"NAM1510",0.881720430107527
"NAM1447",0.849462365591398
"NAM1519",0.494623655913978
"NAM1527",0.537634408602151
"NAM1455",0.698924731182796
"NAM1463",0.870967741935484
"NAM1471",0.849462365591398
"NAM1479",0.698924731182796
"NAM1487",0.89247311827957
"NAM1495",0.881720430107527
"NAM1503",0.903225806451613
"NAM1511",0.881720430107527
"NAM1448",0.946236559139785
"NAM1520",0.870967741935484
"NAM1528",0.505376344086022
"NAM1456",0.870967741935484
"NAM1464",0.967741935483871
"NAM1472",0.666666666666667
"NAM1480",0.870967741935484
"NAM1488",0.870967741935484
"NAM1496",0.89247311827957
"NAM1504",0.903225806451613
"NAM1512",0.591397849462366
"NAM1537",0.903225806451613
"Bass",0.860215053763441
"Charger",0.698924731182796
"Dampier",0.591397849462366
"NAM1545",0.526881720430108
"Compass",0.89247311827957
"NRB120742",0.698924731182796
"NRB120850",0.645161290322581
"Compass.1",0.903225806451613
"NRB120742.1",0.67741935483871
"NRB120850.1",0.655913978494624
"Fairview",0.698924731182796
"NAM1538",0.526881720430108
"Baudin",0.655913978494624
"Chebec",0.881720430107527
"Dash",0.645161290322581
"NAM1546",0.516129032258065
"LaTrobe",0.870967741935484
"NRB120142",0.645161290322581
"NRB120567",0.806451612903226
"LaTrobe.1",0.89247311827957
"NRB120142.1",0.688172043010753
"NRB120567.1",0.806451612903226
"Yagan",0.602150537634409
"NAM1539",0.559139784946237
"Beecher",0.741935483870968
"Clipper",0.655913978494624
"DHOW",0.56989247311828
"NAM1547",0.548387096774194
"Oxford.1",0.645161290322581
"C07.276.DH049",0.537634408602151
"NRB11116",0.655913978494624
"Oxford.2",0.591397849462366
"C07.276.DH049.1",0.526881720430108
"NRB11116.1",0.666666666666667
"Yambla",0.741935483870968
"NAM1540",0.870967741935484
"Binalong",0.709677419354839
"Commander",0.666666666666667
"Dictator",0.645161290322581
"NAM1548",0.881720430107527
"NRB131116",0.720430107526882
"NRB090257",0.827956989247312
"NRB131201",0.612903225806452
"NRB131116.1",0.655913978494624
"NRB090257.1",0.806451612903226
"NRB131201.1",0.634408602150538
"Yarra",0.623655913978495
"NAM1541",0.860215053763441
"Brindabella",0.838709677419355
"Compass.2",0.924731182795699
"DictatorII",0.634408602150538
"NAM1549",0.559139784946237
"NRB130868",0.655913978494624
"NRB090885",0.688172043010753
"NRB131326",0.688172043010753
"NRB130868.1",0.709677419354839
"NRB090885.1",0.655913978494624
"NRB131326.1",0.752688172043011
"Yerong",0.623655913978495
"NAM1542",0.505376344086022
"Buloke",0.634408602150538
"Corvette",0.881720430107527
"Doolup",0.838709677419355
"NAM1550",0.870967741935484
"NRB130777",0.709677419354839
"NRB11755",0.698924731182796
"NRB130851",0.709677419354839
"NRB130777.1",0.67741935483871
"NRB11755.1",0.709677419354839
"NRB130851.1",0.67741935483871
"Admiral",0.806451612903226
"NAM1543",0.516129032258065
"Cantala",0.913978494623656
"Cowabbie",0.666666666666667
"wimmera",0.806451612903226
"NRB120834.4",0.78494623655914
"NRB130856",0.827956989247312
"Westminster",0.763440860215054
"NRB120834.4.1",0.720430107526882
"NRB130856.1",0.795698924731183
"Westminster.1",0.752688172043011
"ARAPILES",0.881720430107527
"Westminster.2",0.763440860215054
"Capstan",0.78494623655914
"Cutter",0.709677419354839
"Commander.1",0.870967741935484
"NRB120883",0.741935483870968
"NRB130293",0.688172043010753
"Commander.2",0.881720430107527
"NRB120883.1",0.709677419354839
"NRB130293.1",0.741935483870968
"Egypt70",0.602150537634409
"Barque",0.817204301075269
"DH1",0.494623655913978
"DH80",0.494623655913978
"DH89",0.505376344086022
"DH98",0.494623655913978
"DH9",0.537634408602151
"DH17",0.623655913978495
"DH25",0.419354838709677
"DH34",0.32258064516129
"DH43",0.419354838709677
"DH51",0.462365591397849
"DH62",0.473118279569892
"DH70",0.537634408602151
"DH2",0.354838709677419
"DH81",0.559139784946237
"DH91",0.591397849462366
"DH100",0.612903225806452
"DH10",0.43010752688172
"DH18",0.344086021505376
"DH26",0.236559139784946
"DH35",0.408602150537634
"DH44",0.559139784946237
"DH52",0.548387096774194
"DH63",0.548387096774194
"DH71",0.602150537634409
"DH3",0.462365591397849
"DH82",0.559139784946237
"DH92",0.419354838709677
"DH11",0.655913978494624
"DH19",0.634408602150538
"DH27",0.548387096774194
"DH36",0.56989247311828
"DH45",0.56989247311828
"DH53",0.419354838709677
"DH73",0.559139784946237
"DH4",0.354838709677419
"DH83",0.440860215053763
"DH93",0.408602150537634
"DH103",0.494623655913978
"DH12",0.516129032258065
"DH28",0.21505376344086
"DH37",0.516129032258065
"DH46",0.462365591397849
"DH55",0.440860215053763
"DH65",0.440860215053763
"DH5",0.0967741935483871
"DH84",0.365591397849462
"DH94",0.419354838709677
"DH104",0.580645161290323
"DH13",0.387096774193548
"DH21",0.645161290322581
"DH29",0.419354838709677
"DH38",0.462365591397849
"DH47",0.516129032258065
"DH58",0.483870967741935
"DH66",0.526881720430108
"DH75",0.591397849462366
"DH6",0.623655913978495
"DH85",0.365591397849462
"DH95",0.602150537634409
"DH105",0.623655913978495
"DH14",0.612903225806452
"DH22",0.634408602150538
"DH30",0.290322580645161
"DH40",0.559139784946237
"DH48",0.344086021505376
"DH59",0.494623655913978
"DH67",0.419354838709677
"DH77",0.344086021505376
"DH7",0.505376344086022
"DH86",0.505376344086022
"DH96",0.591397849462366
"DH15",0.634408602150538
"DH23",0.688172043010753
"DH31",0.419354838709677
"DH41",0.516129032258065
"DH60",0.440860215053763
"DH68",0.645161290322581
"DH8",0.612903225806452
"DH88",0.537634408602151
"DH97",0.602150537634409
"DH16",0.548387096774194
"DH24",0.591397849462366
"DH33",0.354838709677419
"DH42",0.537634408602151
"DH50",0.010752688172043
"DH61",0.440860215053763
"DH69",0.440860215053763
"DH79",0.451612903225806
"DH189",0.580645161290323
"DH201",0.666666666666667
"DH210",0.526881720430108
"DH118",0.580645161290323
"DH126",0.548387096774194
"DH134",0.559139784946237
"DH143",0.537634408602151
"DH151",0.494623655913978
"DH163",0.483870967741935
"DH173",0.451612903225806
"DH181",0.397849462365591
"DH108",0.333333333333333
"DH191",0.591397849462366
"DH202",0.43010752688172
"DH211",0.645161290322581
"DH119",0.408602150537634
"DH127",0.56989247311828
"DH135",0.666666666666667
"DH144",0.516129032258065
"DH152",0.67741935483871
"DH164",0.440860215053763
"DH174",0.494623655913978
"DH182",0.451612903225806
"DH110",0.580645161290323
"DH194",0.462365591397849
"DH203",0.505376344086022
"DH213",0.602150537634409
"DH120",0.580645161290323
"DH128",0.505376344086022
"DH145",0.634408602150538
"DH153",0.67741935483871
"DH166",0.451612903225806
"DH175",0.612903225806452
"DH183",0.419354838709677
"DH111",0.473118279569892
"DH195",0.440860215053763
"DH204",0.440860215053763
"DH214",0.591397849462366
"DH121",0.612903225806452
"DH129",0.462365591397849
"DH137",0.623655913978495
"DH146",0.559139784946237
"DH154",0.580645161290323
"DH167",0.43010752688172
"DH176",0.419354838709677
"DH184",0.419354838709677
"DH196",0.591397849462366
"DH205",0.580645161290323
"DH216",0.580645161290323
"DH122",0.462365591397849
"DH130",0.591397849462366
"DH138",0.623655913978495
"DH147",0.516129032258065
"DH158",0.634408602150538
"DH168",0.602150537634409
"DH177",0.559139784946237
"DH185",0.548387096774194
"DH197",0.483870967741935
"DH206",0.247311827956989
"DH217",0.462365591397849
"DH123",0.419354838709677
"DH131",0.591397849462366
"DH140",0.645161290322581
"DH148",0.623655913978495
"DH159",0.440860215053763
"DH170",0.580645161290323
"DH178",0.440860215053763
"DH186",0.440860215053763
"DH116",0.0967741935483871
"DH198",0.397849462365591
"DH208",0.010752688172043
"DH124",0.483870967741935
"DH132",0.43010752688172
"DH141",0.397849462365591
"DH149",0.623655913978495
"DH171",0.387096774193548
"DH179",0.483870967741935
"DH187",0.537634408602151
"DH117",0.602150537634409
"DH199",0.612903225806452
"DH209",0.419354838709677
"DH125",0.354838709677419
"DH133",0.473118279569892
"DH142",0.483870967741935
"DH150",0.666666666666667
"DH162",0.666666666666667
"DH172",0.408602150537634
"DH180",0.591397849462366
"DH188",0.655913978494624
"DH218",0.591397849462366
"DH296",0.623655913978495
"DH305",0.505376344086022
"DH313",0.462365591397849
"DH228",0.602150537634409
"DH237",0.494623655913978
"DH245",0.56989247311828
"DH253",0.548387096774194
"DH262",0.612903225806452
"DH270",0.526881720430108
"DH278",0.634408602150538
"DH287",0.67741935483871
"DH297",0.580645161290323
"DH306",0.666666666666667
"DH314",0.408602150537634
"DH229",0.602150537634409
"DH238",0.408602150537634
"DH246",0.602150537634409
"DH255",0.56989247311828
"DH263",0.451612903225806
"DH271",0.451612903225806
"DH279",0.655913978494624
"DH288",0.516129032258065
"DH220",0.494623655913978
"DH298",0.419354838709677
"DH307",0.612903225806452
"DH230",0.483870967741935
"DH239",0.634408602150538
"DH247",0.655913978494624
"DH256",0.559139784946237
"DH264",0.602150537634409
"DH272",0.526881720430108
"DH280",0.473118279569892
"DH289",0.666666666666667
"DH222",0.559139784946237
"DH299",0.612903225806452
"DH308",0.505376344086022
"DH316",0.505376344086022
"DH240",0.451612903225806
"DH248",0.612903225806452
"DH257",0.602150537634409
"DH265",0.419354838709677
"DH273",0.655913978494624
"DH281",0.462365591397849
"DH223",0.483870967741935
"DH300",0.537634408602151
"DH309",0.419354838709677
"DH317",0.473118279569892
"DH232",0.473118279569892
"DH241",0.451612903225806
"DH258",0.548387096774194
"DH274",0.548387096774194
"DH282",0.43010752688172
"DH291",0.473118279569892
"DH224",0.580645161290323
"DH301",0.56989247311828
"DH310",0.505376344086022
"DH234",0.462365591397849
"DH242",0.67741935483871
"DH250",0.397849462365591
"DH259",0.537634408602151
"DH267",0.43010752688172
"DH275",0.645161290322581
"DH284",0.645161290322581
"DH293",0.602150537634409
"DH225",0.516129032258065
"DH303",0.451612903225806
"DH311",0.580645161290323
"DH235",0.56989247311828
"DH243",0.612903225806452
"DH251",0.451612903225806
"DH260",0.612903225806452
"DH268",0.483870967741935
"DH276",0.526881720430108
"DH285",0.548387096774194
"DH294",0.462365591397849
"DH226",0.612903225806452
"DH304",0.612903225806452
"DH312",0.43010752688172
"DH236",0.494623655913978
"DH244",0.602150537634409
"DH252",0.462365591397849
"DH261",0.440860215053763
"DH269",0.612903225806452
"DH277",0.67741935483871
"DH286",0.526881720430108
"DH295",0.505376344086022
"DH320",0.473118279569892
"DH231",0.537634408602151
"DH315",0.526881720430108
"Flagship.1",0.516129032258065
"DH331",0.516129032258065
"DH344",0.483870967741935
"DH353",0.666666666666667
"DH361",0.645161290322581
"DH369",0.516129032258065
"DH378",0.56989247311828
"DH20",0.440860215053763
"DH113",0.645161290322581
"DH322",0.473118279569892
"DH225.1",0.494623655913978
"DH301.1",0.516129032258065
"Flagship.2",0.537634408602151
"DH332",0.559139784946237
"DH345",0.666666666666667
"DH354",0.494623655913978
"DH362",0.612903225806452
"DH371",0.623655913978495
"DH380",0.376344086021505
"DH28.1",0.344086021505376
"DH106",0.473118279569892
"DH323",0.537634408602151
"DH219",0.688172043010753
"DH290",0.645161290322581
"ND24260",0.752688172043011
"DH334",0.580645161290323
"DH346",0.43010752688172
"DH355",0.451612903225806
"DH363",0.419354838709677
"DH372",0.56989247311828
"DH381",0.408602150537634
"DH30.1",0.655913978494624
"DH193",0.483870967741935
"DH325",0.473118279569892
"DH208.1",0.537634408602151
"DH285.1",0.537634408602151
"GOLDEN_PROMISE",0.860215053763441
"DH335",0.623655913978495
"DH347",0.623655913978495
"DH356",0.494623655913978
"DH364",0.623655913978495
"DH373",0.602150537634409
"DH382",0.301075268817204
"DH50.1",0.333333333333333
"DH82.1",0.483870967741935
"DH326",0
"DH197.1",0.548387096774194
"DH266",0.516129032258065
"B9",0.548387096774194
"DH336",0.483870967741935
"DH348",0.451612903225806
"DH357",0.483870967741935
"DH365",0.43010752688172
"DH374",0.483870967741935
"DH383",0.559139784946237
"DH64",0.473118279569892
"DH78",0.623655913978495
"DH327",0.462365591397849
"DH181.1",0.483870967741935
"DH258.1",0.688172043010753
"B2",0.548387096774194
"DH338",0.440860215053763
"DH349",0.344086021505376
"DH358",0.419354838709677
"DH366",0.43010752688172
"DH375",0.376344086021505
"DH384",0.591397849462366
"DH116.1",0.419354838709677
"DH74",0.623655913978495
"DH328",0
"DH164.1",0.516129032258065
"DH250.1",0.559139784946237
"DH339",0.752688172043011
"DH351",0.67741935483871
"DH359",0.591397849462366
"DH367",0.483870967741935
"DH376",0.516129032258065
"DH385",0.56989247311828
"DH141.1",0.494623655913978
"DH99",0.494623655913978
"DH329",0.634408602150538
"DH136",0.655913978494624
"DH249",0.666666666666667
"DH341",0.612903225806452
"DH352",0.516129032258065
"DH360",0.473118279569892
"DH368",0.580645161290323
"DH377",0.56989247311828
"ND24260.1",0.56989247311828
"DH161",0.591397849462366
"DH5.1",0.440860215053763
